ped_id,ped_type,evacuation_time,exit_used,entry_time
401,normal,0.9,gate_c,0.0
419,normal,0.9,gate_e,0.0
231,normal,0.9,gate_e,0.0
185,normal,1.4,gate_a,0.0
498,normal,1.4,gate_f,0.0
339,normal,1.4,gate_b,0.0
119,normal,1.4,gate_c,0.0
163,normal,1.9,gate_a,0.0
45,normal,1.9,gate_f,0.0
480,normal,2.4,gate_b,0.0
325,normal,2.4,gate_e,0.0
71,normal,2.4,gate_e,0.0
139,normal,2.4,gate_zi,0.0
203,normal,2.4,gate_g,0.0
491,normal,2.4,gate_zi,0.0
179,normal,2.4,gate_d,0.0
84,normal,2.4,gate_g,0.0
310,normal,2.4,gate_a,0.0
27,normal,2.4,gate_c,0.0
382,normal,2.4,gate_d,0.0
37,normal,2.9,gate_e,0.0
363,normal,2.9,gate_d,0.0
459,normal,2.9,gate_a,0.0
207,normal,2.9,gate_zi,0.0
250,normal,2.9,gate_c,0.0
322,normal,3.4,gate_g,0.0
483,normal,3.4,gate_d,0.0
196,normal,3.4,gate_zi,0.0
269,normal,3.4,gate_c,0.0
302,normal,3.4,gate_f,0.0
346,normal,3.4,gate_f,0.0
468,normal,3.4,gate_a,0.0
26,normal,3.4,gate_f,0.0
64,normal,3.9,gate_c,0.0
224,normal,3.9,gate_a,0.0
449,normal,3.9,gate_zi,0.0
4,normal,3.9,gate_e,0.0
198,normal,3.9,gate_zi,0.0
457,normal,3.9,gate_zi,0.0
46,normal,3.9,gate_d,0.0
144,normal,3.9,gate_b,0.0
22,normal,3.9,gate_a,0.0
70,normal,4.4,gate_g,0.0
39,normal,4.4,gate_f,0.0
173,normal,4.4,gate_g,0.0
305,normal,4.4,gate_e,0.0
370,normal,4.4,gate_e,0.0
19,normal,4.4,gate_zi,0.0
402,normal,4.4,gate_e,0.0
470,normal,4.4,gate_e,0.0
311,normal,4.4,gate_c,0.0
61,normal,4.4,gate_f,0.0
96,normal,4.9,gate_d,0.0
199,normal,4.9,gate_zi,0.0
103,normal,4.9,gate_f,0.0
201,normal,4.9,gate_b,0.0
296,normal,4.9,gate_d,0.0
299,normal,4.9,gate_a,0.0
423,normal,4.9,gate_zi,0.0
13,normal,4.9,gate_a,0.0
428,normal,4.9,gate_zi,0.0
303,normal,4.9,gate_e,0.0
151,normal,4.9,gate_b,0.0
414,normal,4.9,gate_c,0.0
416,normal,5.4,gate_a,0.0
280,normal,5.4,gate_b,0.0
485,normal,5.4,gate_d,0.0
486,normal,5.4,gate_e,0.0
44,normal,5.4,gate_e,0.0
398,normal,5.4,gate_f,0.0
208,normal,5.4,gate_f,0.0
29,normal,5.4,gate_g,0.0
149,normal,5.4,gate_zi,0.0
56,normal,5.4,gate_g,0.0
125,normal,5.4,gate_c,0.0
184,normal,5.4,gate_f,0.0
195,normal,5.9,gate_zi,0.0
390,normal,5.9,gate_e,0.0
237,normal,5.9,gate_b,0.0
174,normal,5.9,gate_f,0.0
175,normal,5.9,gate_zi,0.0
239,normal,5.9,gate_a,0.0
241,normal,5.9,gate_e,0.0
146,normal,5.9,gate_d,0.0
306,normal,5.9,gate_c,0.0
53,normal,5.9,gate_d,0.0
120,normal,5.9,gate_g,0.0
25,normal,5.9,gate_f,0.0
159,normal,5.9,gate_c,0.0
288,normal,6.4,gate_e,0.0
97,normal,6.4,gate_a,0.0
356,normal,6.4,gate_g,0.0
484,normal,6.4,gate_e,0.0
422,normal,6.4,gate_f,0.0
391,normal,6.4,gate_e,0.0
331,normal,6.4,gate_c,0.0
176,normal,6.4,gate_f,0.0
94,normal,6.4,gate_b,0.0
158,normal,6.4,gate_e,0.0
345,normal,6.9,gate_f,0.0
490,normal,6.9,gate_g,0.0
272,normal,6.9,gate_zi,0.0
153,normal,6.9,gate_g,0.0
285,normal,6.9,gate_zi,0.0
254,normal,6.9,gate_zi,0.0
286,normal,6.9,gate_zi,0.0
194,normal,7.4,gate_e,0.0
264,normal,7.4,gate_f,0.0
137,normal,7.4,gate_c,0.0
74,normal,7.4,gate_e,0.0
328,normal,7.4,gate_a,0.0
461,normal,7.4,gate_a,0.0
366,normal,7.4,gate_e,0.0
496,normal,7.4,gate_b,0.0
81,normal,7.4,gate_b,0.0
86,normal,7.4,gate_a,0.0
216,normal,7.4,gate_zi,0.0
57,normal,7.4,gate_e,0.0
282,normal,7.4,gate_a,0.0
476,normal,7.4,gate_g,0.0
318,normal,7.4,gate_b,0.0
388,normal,7.9,gate_a,0.0
5,normal,7.9,gate_e,0.0
234,normal,7.9,gate_c,0.0
171,normal,7.9,gate_a,0.0
494,normal,7.9,gate_zi,0.0
92,normal,7.9,gate_f,0.0
399,normal,7.9,gate_d,0.0
341,normal,7.9,gate_g,0.0
251,normal,7.9,gate_b,0.0
188,normal,7.9,gate_d,0.0
255,normal,8.4,gate_a,0.0
329,normal,8.4,gate_e,0.0
426,normal,8.4,gate_b,0.0
396,normal,8.4,gate_g,0.0
47,normal,8.4,gate_b,0.0
17,normal,8.4,gate_f,0.0
375,normal,8.4,gate_a,0.0
223,normal,8.4,gate_d,0.0
167,normal,8.9,gate_zi,0.0
105,normal,8.9,gate_a,0.0
106,normal,8.9,gate_d,0.0
493,normal,8.9,gate_b,0.0
337,normal,8.9,gate_c,0.0
338,normal,8.9,gate_c,0.0
371,normal,8.9,gate_b,0.0
434,normal,8.9,gate_b,0.0
377,normal,8.9,gate_g,0.0
444,normal,8.9,gate_zi,0.0
348,normal,8.9,gate_d,0.0
221,normal,8.9,gate_b,0.0
471,normal,9.4,gate_g,0.0
200,normal,9.4,gate_d,0.0
109,normal,9.4,gate_b,0.0
367,normal,9.4,gate_g,0.0
335,normal,9.4,gate_a,0.0
407,normal,9.4,gate_b,0.0
89,normal,9.4,gate_g,0.0
439,normal,9.9,gate_zi,0.0
482,normal,9.9,gate_c,0.0
295,normal,9.9,gate_zi,0.0
147,normal,9.9,gate_a,0.0
211,normal,9.9,gate_a,0.0
181,normal,9.9,gate_zi,0.0
118,normal,9.9,gate_d,0.0
279,normal,9.9,gate_e,0.0
307,normal,9.9,gate_g,0.0
435,normal,9.9,gate_zi,0.0
352,normal,10.4,gate_b,0.0
451,normal,10.4,gate_d,0.0
425,normal,10.4,gate_g,0.0
107,normal,10.4,gate_f,0.0
141,normal,10.4,gate_b,0.0
210,normal,10.4,gate_a,0.0
440,normal,10.4,gate_zi,0.0
122,normal,10.4,gate_a,0.0
161,normal,10.9,gate_zi,0.0
193,normal,10.9,gate_b,0.0
387,normal,10.9,gate_b,0.0
135,normal,10.9,gate_zi,0.0
9,normal,10.9,gate_c,0.0
233,normal,10.9,gate_zi,0.0
117,normal,10.9,gate_d,0.0
24,normal,10.9,gate_zi,0.0
34,normal,11.4,gate_zi,0.0
478,normal,11.4,gate_f,0.0
172,normal,11.4,gate_d,0.0
113,normal,11.4,gate_b,0.0
308,normal,11.4,gate_a,0.0
438,normal,11.4,gate_e,0.0
183,normal,11.4,gate_a,0.0
378,normal,11.4,gate_zi,0.0
60,normal,11.4,gate_zi,0.0
190,normal,11.4,gate_zi,0.0
384,normal,11.9,gate_g,0.0
162,normal,11.9,gate_a,0.0
42,normal,11.9,gate_zi,0.0
333,normal,11.9,gate_e,0.0
499,normal,11.9,gate_g,0.0
32,normal,12.4,gate_zi,0.0
321,normal,12.4,gate_a,0.0
11,normal,12.4,gate_e,0.0
238,normal,12.4,gate_f,0.0
309,normal,12.4,gate_d,0.0
215,normal,12.4,gate_c,0.0
95,normal,12.4,gate_e,0.0
33,normal,12.9,gate_zi,0.0
165,normal,12.9,gate_f,0.0
421,normal,12.9,gate_b,0.0
489,normal,12.9,gate_c,0.0
206,normal,12.9,gate_a,0.0
292,normal,13.4,gate_g,0.0
424,normal,13.4,gate_d,0.0
364,normal,13.4,gate_d,0.0
410,normal,13.4,gate_e,0.0
177,normal,13.4,gate_zi,0.0
21,normal,13.4,gate_f,0.0
314,normal,13.4,gate_e,0.0
315,normal,13.4,gate_zi,0.0
156,normal,13.4,gate_f,0.0
287,normal,13.4,gate_c,0.0
160,normal,13.9,gate_d,0.0
257,normal,13.9,gate_c,0.0
427,normal,13.9,gate_zi,0.0
205,normal,13.9,gate_e,0.0
80,normal,13.9,gate_b,0.0
116,normal,13.9,gate_c,0.0
85,normal,13.9,gate_d,0.0
244,normal,13.9,gate_d,0.0
219,normal,13.9,gate_a,0.0
226,normal,14.4,gate_c,0.0
267,normal,14.4,gate_zi,0.0
273,normal,14.4,gate_e,0.0
403,normal,14.4,gate_b,0.0
473,normal,14.4,gate_zi,0.0
130,normal,14.9,gate_a,0.0
14,normal,14.9,gate_zi,0.0
431,normal,14.9,gate_e,0.0
88,normal,15.4,gate_g,0.0
497,normal,15.4,gate_e,0.0
413,normal,15.4,gate_e,0.0
278,normal,15.4,gate_f,0.0
481,normal,15.9,gate_zi,0.0
166,normal,15.9,gate_zi,0.0
6,normal,15.9,gate_d,0.0
168,normal,15.9,gate_g,0.0
214,normal,15.9,gate_a,0.0
128,normal,16.4,gate_c,0.0
76,normal,16.4,gate_a,0.0
463,normal,16.4,gate_d,0.0
112,normal,16.4,gate_f,0.0
178,normal,16.4,gate_zi,0.0
20,normal,16.4,gate_e,0.0
186,normal,16.4,gate_zi,0.0
227,normal,16.9,gate_c,0.0
150,normal,16.9,gate_zi,0.0
28,normal,17.4,gate_b,0.0
389,normal,17.4,gate_g,0.0
350,normal,17.4,gate_g,0.0
2,normal,17.9,gate_c,0.0
323,normal,17.9,gate_zi,0.0
450,normal,17.9,gate_zi,0.0
197,normal,17.9,gate_e,0.0
392,normal,17.9,gate_g,0.0
110,normal,17.9,gate_g,0.0
212,normal,17.9,gate_zi,0.0
372,normal,17.9,gate_g,0.0
437,normal,17.9,gate_zi,0.0
35,normal,18.4,gate_g,0.0
111,normal,18.4,gate_b,0.0
3,normal,18.9,gate_zi,0.0
100,normal,18.9,gate_g,0.0
488,normal,18.9,gate_g,0.0
466,normal,18.9,gate_g,0.0
317,normal,18.9,gate_zi,0.0
62,normal,18.9,gate_e,0.0
405,normal,19.4,gate_b,0.0
406,normal,19.4,gate_c,0.0
143,normal,19.4,gate_zi,0.0
236,normal,19.9,gate_zi,0.0
115,normal,20.4,gate_e,0.0
23,normal,20.4,gate_b,0.0
397,normal,20.9,gate_zi,0.0
342,normal,20.9,gate_b,0.0
40,normal,21.4,gate_b,0.0
10,normal,21.4,gate_b,0.0
404,normal,21.4,gate_e,0.0
152,normal,21.4,gate_a,0.0
316,normal,21.4,gate_g,0.0
381,normal,21.4,gate_zi,0.0
142,normal,21.9,gate_g,0.0
400,normal,22.4,gate_e,0.0
7,normal,22.4,gate_g,0.0
36,normal,22.9,gate_zi,0.0
268,normal,22.9,gate_zi,0.0
374,normal,22.9,gate_g,0.0
232,normal,23.4,gate_g,0.0
41,normal,23.4,gate_g,0.0
225,normal,23.4,gate_f,0.0
127,normal,23.4,gate_f,0.0
265,normal,24.4,gate_b,0.0
332,normal,24.4,gate_b,0.0
55,normal,24.4,gate_d,0.0
218,normal,24.4,gate_zi,0.0
187,normal,24.4,gate_a,0.0
284,normal,24.9,gate_e,0.0
102,normal,24.9,gate_g,0.0
336,normal,25.4,gate_b,0.0
469,normal,25.4,gate_d,0.0
126,normal,25.4,gate_g,0.0
271,normal,25.4,gate_d,0.0
504,normal,25.9,gate_a,0.0
420,normal,25.9,gate_c,0.0
145,normal,26.4,gate_zi,0.0
529,normal,26.4,gate_a,0.0
276,normal,26.4,gate_e,0.0
90,normal,26.4,gate_g,0.0
59,normal,26.4,gate_d,0.0
538,normal,26.9,gate_a,0.0
467,normal,26.9,gate_g,0.0
531,normal,27.4,gate_a,0.0
253,normal,27.4,gate_f,0.0
436,normal,27.9,gate_zi,0.0
270,normal,27.9,gate_zi,0.0
164,normal,28.4,gate_f,0.0
453,normal,28.4,gate_b,0.0
523,normal,28.4,gate_a,0.0
82,normal,28.4,gate_e,0.0
373,normal,28.4,gate_d,0.0
266,normal,28.9,gate_e,0.0
108,normal,28.9,gate_f,0.0
394,normal,28.9,gate_d,0.0
327,normal,29.4,gate_d,0.0
104,normal,29.4,gate_b,0.0
297,normal,29.4,gate_g,0.0
209,normal,29.4,gate_d,0.0
533,normal,29.4,gate_a,0.0
443,normal,29.4,gate_f,0.0
541,normal,29.4,gate_a,0.0
543,normal,29.4,gate_a,0.0
290,normal,29.9,gate_zi,0.0
324,normal,29.9,gate_e,0.0
262,normal,29.9,gate_f,0.0
43,normal,29.9,gate_b,0.0
563,normal,29.9,gate_a,0.0
515,normal,30.4,gate_a,0.0
124,normal,30.4,gate_d,0.0
369,normal,30.9,gate_b,0.0
180,normal,30.9,gate_d,0.0
129,normal,31.4,gate_b,0.0
83,normal,31.4,gate_b,0.0
555,normal,31.4,gate_a,0.0
383,normal,31.9,gate_b,0.0
248,normal,32.4,gate_zi,0.0
539,normal,32.4,gate_a,0.0
148,normal,32.4,gate_d,0.0
1,normal,32.9,gate_f,0.0
545,normal,32.9,gate_a,0.0
357,normal,32.9,gate_zi,0.0
247,normal,32.9,gate_zi,0.0
509,normal,32.9,gate_a,0.0
274,normal,33.4,gate_zi,0.0
514,normal,33.4,gate_a,0.0
229,normal,33.4,gate_e,0.0
54,normal,33.4,gate_c,0.0
169,normal,33.9,gate_g,0.0
534,normal,33.9,gate_a,0.0
393,normal,34.4,gate_b,0.0
560,normal,34.9,gate_a,0.0
91,normal,34.9,gate_g,0.0
526,normal,34.9,gate_a,0.0
68,normal,35.4,gate_zi,0.0
133,normal,35.4,gate_b,0.0
344,normal,35.4,gate_zi,0.0
537,normal,35.4,gate_a,0.0
573,normal,35.4,gate_a,0.0
576,normal,35.9,gate_a,0.0
18,normal,35.9,gate_c,0.0
551,normal,35.9,gate_a,0.0
258,normal,36.4,gate_b,0.0
51,normal,36.4,gate_b,0.0
69,normal,36.4,gate_b,0.0
263,normal,36.4,gate_c,0.0
275,normal,36.9,gate_b,0.0
565,normal,36.9,gate_a,0.0
359,normal,36.9,gate_zi,0.0
8,normal,37.4,gate_f,0.0
50,normal,37.9,gate_d,0.0
298,normal,37.9,gate_b,0.0
597,normal,37.9,gate_a,0.0
418,normal,38.4,gate_b,0.0
230,normal,38.4,gate_f,0.0
584,normal,38.4,gate_a,0.0
362,normal,38.4,gate_c,0.0
592,normal,38.4,gate_a,0.0
558,normal,38.9,gate_a,0.0
304,normal,39.4,gate_d,0.0
361,normal,39.4,gate_f,0.0
603,normal,39.4,gate_a,0.0
460,normal,39.9,gate_b,0.0
52,normal,39.9,gate_c,0.0
93,normal,39.9,gate_g,0.0
624,normal,40.4,gate_a,0.0
626,normal,40.4,gate_a,0.0
358,normal,40.4,gate_d,0.0
578,normal,40.9,gate_a,0.0
588,normal,40.9,gate_a,0.0
566,normal,40.9,gate_a,0.0
591,normal,40.9,gate_a,0.0
386,normal,41.4,gate_g,0.0
615,normal,41.4,gate_a,0.0
487,normal,41.4,gate_b,0.0
334,normal,41.4,gate_c,0.0
633,normal,41.4,gate_a,0.0
600,normal,41.9,gate_a,0.0
643,normal,41.9,gate_a,0.0
609,normal,42.4,gate_a,0.0
155,normal,42.4,gate_f,0.0
589,normal,42.4,gate_a,0.0
475,normal,42.4,gate_g,0.0
379,normal,42.9,gate_g,0.0
235,normal,42.9,gate_f,0.0
217,normal,43.4,gate_b,0.0
649,normal,43.4,gate_a,0.0
587,normal,43.4,gate_a,0.0
249,normal,43.4,gate_f,0.0
240,normal,43.9,gate_c,0.0
63,normal,43.9,gate_g,0.0
620,normal,44.4,gate_a,0.0
12,normal,44.4,gate_f,0.0
568,normal,44.9,gate_a,0.0
138,normal,44.9,gate_c,0.0
432,normal,45.4,gate_b,0.0
639,normal,45.4,gate_a,0.0
644,normal,45.9,gate_a,0.0
613,normal,45.9,gate_a,0.0
654,normal,45.9,gate_a,0.0
559,normal,45.9,gate_b,0.0
123,normal,46.4,gate_g,0.0
659,normal,46.4,gate_a,0.0
87,normal,46.4,gate_zi,0.0
512,normal,46.9,gate_b,0.0
681,normal,46.9,gate_a,0.0
655,normal,46.9,gate_a,0.0
657,normal,46.9,gate_a,0.0
602,normal,46.9,gate_a,0.0
632,normal,47.4,gate_a,0.0
189,normal,47.4,gate_d,0.0
685,normal,47.4,gate_a,0.0
0,normal,47.9,gate_f,0.0
645,normal,47.9,gate_a,0.0
618,normal,47.9,gate_a,0.0
75,normal,47.9,gate_g,0.0
682,normal,47.9,gate_a,0.0
631,normal,47.9,gate_a,0.0
570,normal,47.9,gate_a,0.0
671,normal,48.4,gate_a,0.0
703,normal,48.4,gate_a,0.0
415,normal,48.4,gate_d,0.0
675,normal,48.9,gate_a,0.0
647,normal,48.9,gate_a,0.0
552,normal,48.9,gate_a,0.0
140,normal,48.9,gate_e,0.0
702,normal,48.9,gate_a,0.0
721,normal,48.9,gate_a,0.0
574,normal,48.9,gate_b,0.0
648,normal,49.4,gate_a,0.0
294,normal,49.4,gate_b,0.0
617,normal,49.9,gate_a,0.0
595,normal,49.9,gate_a,0.0
709,normal,49.9,gate_a,0.0
683,normal,50.4,gate_a,0.0
692,normal,50.4,gate_a,0.0
663,normal,50.4,gate_a,0.0
668,normal,51.9,gate_a,0.0
660,normal,51.9,gate_a,0.0
464,normal,52.4,gate_b,0.0
73,normal,52.4,gate_b,0.0
716,normal,52.4,gate_a,0.0
727,normal,52.4,gate_a,0.0
658,normal,52.9,gate_a,0.0
695,normal,52.9,gate_a,0.0
704,normal,53.4,gate_a,0.0
65,normal,53.4,gate_d,0.0
739,normal,53.4,gate_a,0.0
614,normal,53.4,gate_a,0.0
714,normal,53.4,gate_a,0.0
751,normal,53.4,gate_a,0.0
505,normal,53.4,gate_b,0.0
707,normal,53.9,gate_a,0.0
300,normal,53.9,gate_c,0.0
741,normal,53.9,gate_a,0.0
319,normal,53.9,gate_c,0.0
765,normal,54.4,gate_a,0.0
680,normal,54.9,gate_a,0.0
737,normal,54.9,gate_a,0.0
698,normal,54.9,gate_a,0.0
540,normal,55.4,gate_c,0.0
157,normal,55.4,gate_c,0.0
748,normal,55.9,gate_a,0.0
621,normal,55.9,gate_a,0.0
750,normal,56.4,gate_a,0.0
636,normal,56.9,gate_a,0.0
532,normal,57.9,gate_b,0.0
757,normal,57.9,gate_a,0.0
368,normal,58.4,gate_d,0.0
562,normal,58.9,gate_a,0.0
710,normal,58.9,gate_a,0.0
735,normal,58.9,gate_a,0.0
754,normal,59.4,gate_a,0.0
629,normal,59.4,gate_a,0.0
777,normal,59.9,gate_a,0.0
642,normal,59.9,gate_a,0.0
581,normal,59.9,gate_b,0.0
775,normal,59.9,gate_a,0.0
544,normal,60.4,gate_a,0.0
780,normal,60.4,gate_a,0.0
717,normal,60.4,gate_a,0.0
596,normal,60.4,gate_b,0.0
503,normal,60.4,gate_b,0.0
734,normal,60.4,gate_a,0.0
546,normal,61.4,gate_a,0.0
731,normal,61.4,gate_a,0.0
676,normal,61.4,gate_a,0.0
542,normal,61.4,gate_b,0.0
744,normal,61.9,gate_a,0.0
708,normal,61.9,gate_a,0.0
758,normal,61.9,gate_a,0.0
752,normal,62.4,gate_a,0.0
773,normal,62.4,gate_a,0.0
601,normal,62.9,gate_a,0.0
794,normal,62.9,gate_a,0.0
756,normal,62.9,gate_a,0.0
669,normal,62.9,gate_a,0.0
131,normal,63.4,gate_b,0.0
796,normal,63.4,gate_a,0.0
814,normal,63.4,gate_a,0.0
700,normal,63.9,gate_a,0.0
572,normal,63.9,gate_a,0.0
790,normal,63.9,gate_a,0.0
456,normal,64.4,gate_e,0.0
761,normal,64.4,gate_a,0.0
818,normal,64.4,gate_a,0.0
804,normal,64.4,gate_a,0.0
594,normal,64.9,gate_a,0.0
767,normal,64.9,gate_a,0.0
800,normal,65.9,gate_a,0.0
782,normal,65.9,gate_a,0.0
49,normal,65.9,gate_e,0.0
726,normal,65.9,gate_a,0.0
799,normal,65.9,gate_a,0.0
30,normal,66.4,gate_e,0.0
745,normal,66.9,gate_a,0.0
779,normal,67.9,gate_a,0.0
220,normal,67.9,gate_g,0.0
607,normal,67.9,gate_a,0.0
753,normal,68.4,gate_a,0.0
170,normal,68.4,gate_c,0.0
743,normal,68.4,gate_a,0.0
755,normal,68.9,gate_a,0.0
813,normal,68.9,gate_a,0.0
441,normal,69.4,gate_d,0.0
283,normal,69.4,gate_g,0.0
774,normal,69.4,gate_a,0.0
16,normal,70.4,gate_g,0.0
795,normal,70.4,gate_a,0.0
608,normal,70.4,gate_e,0.0
830,normal,70.4,gate_a,0.0
848,normal,70.9,gate_a,0.0
343,normal,71.4,gate_e,0.0
313,normal,71.9,gate_e,0.0
861,normal,71.9,gate_a,0.0
556,normal,71.9,gate_c,0.0
837,normal,71.9,gate_a,0.0
849,normal,72.9,gate_a,0.0
821,normal,72.9,gate_a,0.0
865,normal,72.9,gate_a,0.0
474,normal,73.4,gate_d,0.0
834,normal,73.4,gate_a,0.0
598,normal,73.4,gate_a,0.0
842,normal,73.9,gate_a,0.0
829,normal,73.9,gate_a,0.0
874,normal,74.4,gate_a,0.0
876,normal,74.4,gate_a,0.0
870,normal,74.9,gate_a,0.0
855,normal,74.9,gate_a,0.0
866,normal,75.4,gate_a,0.0
516,normal,75.4,gate_c,0.0
839,normal,75.4,gate_a,0.0
872,normal,75.4,gate_a,0.0
521,normal,75.4,gate_c,0.0
878,normal,75.4,gate_a,0.0
885,normal,75.4,gate_a,0.0
760,normal,75.4,gate_a,0.0
354,normal,75.9,gate_d,0.0
823,normal,75.9,gate_a,0.0
786,normal,76.4,gate_a,0.0
291,normal,76.4,gate_f,0.0
887,normal,76.4,gate_a,0.0
879,normal,76.4,gate_a,0.0
859,normal,76.9,gate_a,0.0
853,normal,76.9,gate_a,0.0
897,normal,77.4,gate_a,0.0
706,normal,77.4,gate_a,0.0
759,normal,77.4,gate_a,0.0
882,normal,77.9,gate_a,0.0
99,normal,77.9,gate_c,0.0
812,normal,77.9,gate_a,0.0
895,normal,77.9,gate_a,0.0
896,normal,78.4,gate_a,0.0
892,normal,78.4,gate_a,0.0
824,normal,78.9,gate_a,0.0
781,normal,78.9,gate_a,0.0
899,normal,79.4,gate_a,0.0
863,normal,79.4,gate_a,0.0
465,normal,79.9,gate_f,0.0
890,normal,79.9,gate_a,0.0
228,normal,79.9,gate_f,0.0
136,normal,80.4,gate_g,0.0
914,normal,80.4,gate_a,0.0
888,normal,80.9,gate_a,0.0
891,normal,80.9,gate_a,0.0
867,normal,80.9,gate_a,0.0
395,normal,81.4,gate_d,0.0
904,normal,81.9,gate_a,0.0
805,normal,82.4,gate_a,0.0
913,normal,82.9,gate_a,0.0
66,normal,82.9,gate_d,0.0
826,normal,82.9,gate_a,0.0
825,normal,83.4,gate_a,0.0
524,normal,83.4,gate_e,0.0
858,normal,83.9,gate_a,0.0
836,normal,83.9,gate_a,0.0
925,normal,84.4,gate_a,0.0
937,normal,84.9,gate_a,0.0
881,normal,84.9,gate_a,0.0
923,normal,84.9,gate_a,0.0
933,normal,84.9,gate_a,0.0
884,normal,85.4,gate_a,0.0
580,normal,85.4,gate_c,0.0
910,normal,85.4,gate_a,0.0
535,normal,85.9,gate_e,0.0
528,normal,86.4,gate_c,0.0
918,normal,86.4,gate_a,0.0
911,normal,86.4,gate_a,0.0
260,normal,86.9,gate_d,0.0
447,normal,86.9,gate_d,0.0
921,normal,87.4,gate_a,0.0
326,normal,87.9,gate_c,0.0
856,normal,88.9,gate_a,0.0
930,normal,88.9,gate_a,0.0
883,normal,89.4,gate_a,0.0
944,normal,89.9,gate_a,0.0
929,normal,89.9,gate_a,0.0
610,normal,89.9,gate_e,0.0
889,normal,90.4,gate_a,0.0
114,normal,90.9,gate_f,0.0
924,normal,90.9,gate_a,0.0
590,normal,90.9,gate_c,0.0
191,normal,91.4,gate_c,0.0
640,normal,91.9,gate_c,0.0
365,normal,91.9,gate_d,0.0
912,normal,92.4,gate_a,0.0
612,normal,92.9,gate_c,0.0
917,normal,93.4,gate_a,0.0
330,normal,93.9,gate_c,0.0
256,normal,94.4,gate_c,0.0
939,normal,94.4,gate_a,0.0
549,normal,94.4,gate_f,0.0
661,normal,94.9,gate_d,0.0
446,normal,94.9,gate_f,0.0
628,normal,95.4,gate_f,0.0
15,normal,95.4,gate_f,0.0
312,normal,95.9,gate_d,0.0
548,normal,95.9,gate_a,0.0
928,normal,96.9,gate_a,0.0
577,normal,96.9,gate_b,0.0
934,normal,96.9,gate_a,0.0
869,normal,97.4,gate_a,0.0
746,normal,97.9,gate_b,0.0
522,normal,97.9,gate_c,0.0
738,normal,97.9,gate_b,0.0
454,normal,97.9,gate_f,0.0
935,normal,98.4,gate_a,0.0
783,normal,98.4,gate_b,0.0
571,normal,99.9,gate_b,0.0
