{
  "scene_width": 150.0,
  "scene_height": 80.0,
  "walls": [],
  "exits": [
    {
      "id": "gate_a",
      "name": "闸机a",
      "position": [
        0.0,
        40.0
      ],
      "width": 20.0,
      "direction": "left"
    },
    {
      "id": "gate_zi",
      "name": "闸机子",
      "position": [
        150.0,
        40.0
      ],
      "width": 20.0,
      "direction": "right"
    },
    {
      "id": "gate_b",
      "name": "闸机b",
      "position": [
        52.5,
        70.0
      ],
      "width": 15.0,
      "direction": "up"
    },
    {
      "id": "gate_c",
      "name": "闸机c",
      "position": [
        82.5,
        70.0
      ],
      "width": 15.0,
      "direction": "up"
    },
    {
      "id": "gate_d",
      "name": "闸机d",
      "position": [
        112.5,
        70.0
      ],
      "width": 15.0,
      "direction": "up"
    },
    {
      "id": "gate_e",
      "name": "闸机e",
      "position": [
        52.5,
        10.0
      ],
      "width": 15.0,
      "direction": "down"
    },
    {
      "id": "gate_f",
      "name": "闸机f",
      "position": [
        82.5,
        10.0
      ],
      "width": 15.0,
      "direction": "down"
    },
    {
      "id": "gate_g",
      "name": "闸机g",
      "position": [
        112.5,
        10.0
      ],
      "width": 15.0,
      "direction": "down"
    }
  ],
  "escalators": [
    {
      "id": "escalator_1",
      "position": [
        45.0,
        40.0
      ],
      "size": [
        12.0,
        6.0
      ]
    },
    {
      "id": "escalator_2",
      "position": [
        75.0,
        40.0
      ],
      "size": [
        12.0,
        6.0
      ]
    },
    {
      "id": "escalator_3",
      "position": [
        105.0,
        40.0
      ],
      "size": [
        12.0,
        6.0
      ]
    },
    {
      "id": "stairs_left_upper",
      "position": [
        5.0,
        71.0
      ],
      "size": [
        6.0,
        12.0
      ]
    },
    {
      "id": "escalator_left_upper",
      "position": [
        11.0,
        71.0
      ],
      "size": [
        6.0,
        12.0
      ]
    },
    {
      "id": "stairs_left_lower",
      "position": [
        5.0,
        9.0
      ],
      "size": [
        6.0,
        12.0
      ]
    },
    {
      "id": "escalator_left_lower",
      "position": [
        11.0,
        9.0
      ],
      "size": [
        6.0,
        12.0
      ]
    }
  ]
}